종목번호,종목명,현재가,대비,등락률,거래량
000070,삼양홀딩스,"52,200",▼,"-2,100","-3.87%","32,930"
000080,하이트진로,"15,720",▼,"-390","-2.42%","281,120"
000100,유한양행,"71,700",▼,"-5,800","-7.48%","504,548"
000120,CJ대한통운,"77,600",▼,"-4,300","-5.25%","158,562"
000150,두산,"1,600,000",▼,"-140,000","-8.05%","168,763"
000210,DL,"45,000",▼,"-5,100","-10.18%","144,438"
000240,한국앤컴퍼니,"23,950",▼,"-850","-3.43%","147,691"
000250,삼천당제약,"221,000",▼,"-71,000","-24.32%","901,818"
000270,기아,"151,700",▼,"-9,400","-5.83%","1,678,721"
000320,노루홀딩스,"15,930",▼,"-1,130","-6.62%","28,342"
000500,가온전선,"283,500",▼,"-23,000","-7.50%","75,932"
000640,동아쏘시오홀딩스,"81,200",▼,"-4,100","-4.81%","34,704"
000660,SK하이닉스,"1,977,000",▼,"-93,000","-4.49%","12,348,853"
000670,영풍,"45,550",▼,"-3,500","-7.14%","31,419"
000720,현대건설,"116,300",▼,"-15,600","-11.83%","1,328,722"
000810,삼성화재,"676,000",▼,"-19,000","-2.73%","190,940"
000880,한화,"115,000",▼,"-10,300","-8.22%","405,402"
0008Z0,에스엔시스,"23,550",▼,"-2,100","-8.19%","101,470"
000990,DB하이텍,"157,500",▼,"-16,300","-9.38%","702,589"
0009K0,에임드바이오,"23,300",▼,"-3,200","-12.08%","567,527"
001040,CJ,"169,500",▼,"-14,300","-7.78%","266,088"
001060,JW중외제약,"24,300",▼,"-1,700","-6.54%","122,605"
001120,LX인터내셔널,"38,050",▼,"-1,500","-3.79%","222,775"
001130,대한제분,"11,290",▼,"-190","-1.66%","41,850"
001270,부국증권,"55,600",▼,"-6,200","-10.03%","23,775"
001430,세아베스틸지주,"44,300",▼,"-4,650","-9.50%","309,450"
001450,현대해상,"34,150",▼,"-1,650","-4.61%","823,557"
001460,BYC,"34,000",▼,"-2,750","-7.48%","9,533"
001500,현대차증권,"8,690",▼,"-850","-8.91%","414,541"
001530,DI동일,"21,500",▼,"-1,800","-7.73%","115,946"
001630,종근당홀딩스,"40,300",▼,"-1,750","-4.16%","17,111"
001680,대상,"17,880",▼,"-600","-3.25%","167,289"
001720,신영증권,"167,300",▼,"-27,300","-14.03%","95,493"
001750,한양증권,"21,350",▼,"-1,050","-4.69%","55,355"
001800,오리온홀딩스,"24,200",▼,"-1,750","-6.74%","187,857"
001940,KISCO홀딩스,"20,850",▼,"-350","-1.65%","12,342"
002020,코오롱,"44,600",▼,"-6,400","-12.55%","350,889"
002030,아세아,"172,200",▼,"-100","-0.06%","9,018"
002240,고려제강,"17,770",▼,"-720","-3.89%","42,549"
002320,한진,"15,550",▼,"-810","-4.95%","60,026"
002380,KCC,"492,000",▼,"-50,000","-9.23%","46,956"
002710,TCC스틸,"11,500",▼,"-1,350","-10.51%","265,104"
002790,아모레퍼시픽홀딩스,"21,250",▼,"-750","-3.41%","176,309"
002810,삼영무역,"20,950",▼,"-100","-0.48%","67,704"
002840,미원상사,"115,900",▼,"-3,800","-3.17%","4,050"
002960,한국쉘석유,"489,000",▼,"-13,000","-2.59%","2,563"
003030,세아제강지주,"136,200",▼,"-7,300","-5.09%","26,701"
003090,대웅,"16,490",▼,"-1,360","-7.62%","163,289"
003120,일성아이에스,"18,290",▼,"-790","-4.14%","6,947"
003160,디아이,"23,700",▼,"-3,050","-11.40%","469,631"
003200,일신방직,"9,620",▼,"-670","-6.51%","38,952"
003220,대원제약,"12,160",▲,"920","+8.19%","12,437,366"
003230,삼양식품,"1,065,000",▼,"-55,000","-4.91%","60,189"
003240,태광산업,"818,000",▼,"-52,000","-5.98%","3,253"
003300,한일홀딩스,"16,120",▼,"-680","-4.05%","31,003"
003490,대한항공,"23,950",▼,"-950","-3.82%","3,044,838"
003540,대신증권,"27,950",▼,"-2,050","-6.83%","262,855"
003550,LG,"112,800",▼,"-10,100","-8.22%","1,303,574"
003570,SNT다이내믹스,"39,900",▼,"-2,900","-6.78%","60,958"
003670,포스코퓨처엠,"189,800",▼,"-19,200","-9.19%","507,543"
003690,코리안리,"12,860",▼,"-190","-1.46%","592,135"
003850,보령,"7,960",▼,"-390","-4.67%","253,994"
003920,남양유업,"43,650",▼,"-1,700","-3.75%","23,149"
003960,사조대림,"25,050",▼,"-1,550","-5.83%","14,345"
004000,롯데정밀화학,"45,500",▼,"-2,550","-5.31%","84,964"
004020,현대제철,"32,900",▼,"-3,000","-8.36%","1,362,694"
004170,신세계,"563,000",▼,"-87,000","-13.38%","173,098"
004360,세방,"12,800",▼,"-740","-5.47%","75,051"
004370,농심,"367,000",▼,"-6,500","-1.74%","40,185"
004490,세방전지,"49,300",▼,"-4,200","-7.85%","94,046"
004690,삼천리,"116,700",▼,"-4,300","-3.55%","18,521"
004700,조광피혁,"61,400",▼,"-2,400","-3.76%","3,205"
004800,효성,"169,200",▼,"-9,800","-5.47%","62,768"
004980,성신양회,"7,930",▼,"-480","-5.71%","215,304"
004990,롯데지주,"24,200",▼,"-1,100","-4.35%","414,989"
005070,코스모신소재,"40,800",▼,"-5,200","-11.30%","391,250"
005090,SGC에너지,"47,000",▲,"150","+0.32%","507,743"
005180,빙그레,"66,600",▼,"-2,600","-3.76%","53,990"
005250,녹십자홀딩스,"9,550",▼,"-890","-8.52%","465,581"
005290,동진쎄미켐,"49,000",▼,"-5,900","-10.75%","1,044,338"
005300,롯데칠성,"103,300",▼,"-4,700","-4.35%","29,832"
005380,현대차,"642,000",▼,"-58,000","-8.29%","2,958,154"
005420,코스모화학,"10,820",▼,"-1,360","-11.17%","328,929"
005440,현대지에프홀딩스,"12,000",▼,"-640","-5.06%","263,614"
005490,POSCO홀딩스,"361,000",▼,"-29,000","-7.44%","801,657"
005500,삼진제약,"18,690",▼,"-1,610","-7.93%","292,281"
005610,삼립,"39,650",▼,"-1,150","-2.82%","12,604"
005690,파미셀,"12,140",▼,"-1,190","-8.93%","1,473,726"
005710,대원산업,"9,800",▼,"-430","-4.20%","33,779"
005810,풍산홀딩스,"35,100",▼,"-2,050","-5.52%","85,408"
005830,DB손해보험,"137,000",▼,"-5,400","-3.79%","259,321"
005850,에스엘,"63,700",▼,"-6,000","-8.61%","254,877"
005930,삼성전자,"302,500",▼,"-26,500","-8.05%","74,800,514"
005940,NH투자증권,"29,650",▼,"-2,100","-6.61%","1,699,283"
006040,동원산업,"32,250",▼,"-2,000","-5.84%","100,838"
006110,삼아알미늄,"62,500",▼,"-9,400","-13.07%","449,012"
006120,SK디스커버리,"44,050",▼,"-1,400","-3.08%","28,677"
006260,LS,"376,500",▼,"-34,000","-8.28%","239,281"
006280,녹십자,"118,700",▼,"-8,200","-6.46%","80,117"
006360,GS건설,"25,350",▼,"-2,350","-8.48%","1,684,082"
006400,삼성SDI,"507,000",▼,"-61,000","-10.74%","1,127,448"
006650,대한유화,"112,200",▼,"-9,900","-8.11%","47,496"
006800,미래에셋증권,"50,100",▼,"-6,300","-11.17%","7,508,700"
007070,GS리테일,"23,100",▼,"-900","-3.75%","141,449"
007160,사조산업,"41,800",▼,"-2,500","-5.64%","13,035"
007310,오뚜기,"318,000",▼,"-10,500","-3.20%","7,413"
007340,DN오토모티브,"37,750",▼,"-3,500","-8.48%","207,098"
007660,이수페타시스,"107,700",▼,"-13,200","-10.92%","1,569,135"
007690,국도화학,"30,100",▼,"-700","-2.27%","30,376"
007700,F&F홀딩스,"15,200",▼,"-830","-5.18%","23,586"
007810,코리아써키트,"107,900",▼,"-9,800","-8.33%","397,543"
008060,대덕,"18,360",▼,"-1,350","-6.85%","101,155"
008490,서흥,"17,640",▼,"-660","-3.61%","54,287"
008730,율촌화학,"16,050",▼,"-1,450","-8.29%","164,246"
008770,호텔신라,"52,300",▼,"-3,000","-5.42%","504,002"
008930,한미사이언스,"28,300",▼,"-3,350","-10.58%","229,265"
009150,삼성전기,"1,692,000",▼,"-65,000","-3.70%","2,024,693"
009240,한샘,"28,700",▼,"-2,050","-6.67%","73,822"
009420,한올바이오파마,"49,950",▼,"-7,950","-13.73%","581,035"
009450,경동나비엔,"64,600",▼,"-3,100","-4.58%","61,562"
009520,포스코엠텍,"13,300",▼,"-1,650","-11.04%","334,821"
009540,HD한국조선해양,"357,500",▼,"-21,500","-5.67%","312,356"
009680,모토닉,"9,700",▼,"-270","-2.71%","46,275"
009830,한화솔루션,"34,750",▼,"-3,650","-9.51%","1,922,346"
009900,명신산업,"7,960",▼,"-730","-8.40%","405,901"
009970,영원무역홀딩스,"173,800",▼,"-12,200","-6.56%","25,836"
010060,OCI홀딩스,"266,500",▼,"-32,000","-10.72%","330,441"
010120,LS ELECTRIC,"208,000",▼,"-19,000","-8.37%","1,305,731"
010130,고려아연,"1,146,000",▼,"-119,000","-9.41%","35,745"
010140,삼성중공업,"26,500",▼,"-1,250","-4.50%","9,053,153"
010690,화신,"11,450",▲,"2,090","+22.33%","14,642,962"
010780,아이에스동서,"24,350",▼,"-1,800","-6.88%","124,290"
010950,S-Oil,"107,600",▼,"-5,200","-4.61%","427,447"
011070,LG이노텍,"1,129,000",▼,"-31,000","-2.67%","880,569"
011170,롯데케미칼,"72,800",▼,"-4,700","-6.06%","216,039"
011200,HMM,"18,600",▼,"-850","-4.37%","2,379,529"
011210,현대위아,"72,000",▼,"-8,000","-10.00%","319,292"
011760,현대코퍼레이션,"23,700",▼,"-950","-3.85%","62,431"
011780,금호석유화학,"119,800",▼,"-7,300","-5.74%","92,391"
011790,SKC,"130,500",▼,"-11,800","-8.29%","1,385,646"
0120G0,삼양바이오팜,"46,900",▼,"-4,600","-8.93%","46,293"
012330,현대모비스,"610,000",▼,"-87,000","-12.48%","1,422,267"
012450,한화에어로스페이스,"999,000",▼,"-50,000","-4.77%","277,538"
012510,더존비즈온,"119,800",▼,"-200","-0.17%","22,944"
012630,HDC,"18,900",▼,"-1,450","-7.13%","167,866"
0126Z0,삼성에피스홀딩스,"402,000",▼,"-42,000","-9.46%","83,218"
012750,에스원,"70,600",▼,"-3,000","-4.08%","118,142"
013030,하이록코리아,"32,200",▼,"-2,300","-6.67%","69,267"
013890,지누스,"8,890",▼,"-120","-1.33%","37,370"
014620,성광벤드,"27,800",▼,"-2,650","-8.70%","232,262"
014680,한솔케미칼,"230,500",▼,"-26,000","-10.14%","82,408"
014820,동원시스템즈,"19,100",▼,"-1,300","-6.37%","60,286"
014830,유니드,"64,300",▼,"-3,200","-4.74%","38,689"
014940,오리엔탈정공,"4,880",▼,"-520","-9.63%","483,373"
015360,INVENI,"14,160",▼,"-380","-2.61%","46,454"
015750,성우하이텍,"6,260",▼,"-450","-6.71%","1,046,400"
015760,한국전력,"35,900",▼,"-2,200","-5.77%","3,375,567"
016360,삼성증권,"110,400",▼,"-13,000","-10.53%","1,017,924"
016590,신대양제지,"8,530",▼,"-480","-5.33%","51,747"
016610,DB증권,"10,060",▼,"-790","-7.28%","147,513"
016800,퍼시스,"27,300",▼,"-600","-2.15%","630"
017390,서울가스,"53,300",▼,"-2,000","-3.62%","9,449"
017670,SK텔레콤,"106,800",▲,"400","+0.38%","9,063,768"
017800,현대엘리베이터,"74,900",▼,"-2,600","-3.35%","267,352"
017810,풀무원,"9,200",▼,"-430","-4.47%","179,657"
017860,DS단석,"13,940",▼,"-1,310","-8.59%","200,798"
017940,E1,"82,100",▼,"-2,900","-3.41%","14,516"
017960,한국카본,"29,650",▼,"-2,600","-8.06%","723,674"
018250,애경산업,"11,130",▼,"-670","-5.68%","117,614"
018260,삼성에스디에스,"264,000",▲,"11,500","+4.55%","1,965,178"
018290,브이티,"11,270",▼,"-1,050","-8.52%","362,003"
018310,삼목에스폼,"20,100",▼,"-300","-1.47%","12,322"
018670,SK가스,"211,500",▼,"-10,000","-4.51%","17,321"
019170,신풍제약,"8,490",▼,"-640","-7.01%","273,662"
020000,한섬,"20,650",▼,"-1,500","-6.77%","73,473"
020150,롯데에너지머티리얼즈,"46,900",▼,"-8,400","-15.19%","675,786"
020560,아시아나항공,"6,700",▼,"-140","-2.05%","310,466"
021240,코웨이,"87,600",▼,"-6,600","-7.01%","502,885"
022100,포스코DX,"25,900",▼,"-3,300","-11.30%","1,386,120"
023160,태광,"26,450",▼,"-2,700","-9.26%","234,694"
023530,롯데쇼핑,"164,700",▼,"-8,300","-4.80%","166,497"
023590,다우기술,"36,650",▼,"-2,450","-6.27%","123,321"
024110,기업은행,"20,100",▼,"-550","-2.66%","3,594,302"
024720,콜마홀딩스,"7,800",▼,"-660","-7.80%","134,563"
025320,시노펙스,"4,200",▼,"-400","-8.70%","1,289,350"
025540,한국단자,"70,900",▼,"-4,100","-5.47%","32,445"
025900,동화기업,"7,180",▼,"-860","-10.70%","256,619"
026890,스틱인베스트먼트,"6,810",▼,"-490","-6.71%","108,259"
026960,동서,"23,350",▼,"-300","-1.27%","281,748"
028050,삼성E&A,"44,400",▼,"-3,950","-8.17%","2,372,336"
028260,삼성물산,"406,500",▼,"-54,000","-11.73%","787,423"
028300,HLB,"48,450",▼,"-2,150","-4.25%","1,347,437"
029460,케이씨,"27,750",▼,"-3,050","-9.90%","67,970"
029530,신도리코,"39,700",▼,"-1,100","-2.70%","13,955"
029780,삼성카드,"44,750",▼,"-1,250","-2.72%","163,181"
030000,제일기획,"18,140",▼,"-150","-0.82%","757,656"
030190,NICE평가정보,"13,680",▼,"-420","-2.98%","113,199"
030200,KT,"53,100",▼,"-900","-1.67%","469,800"
030520,한글과컴퓨터,"18,220",▼,"-1,010","-5.25%","306,271"
030610,교보증권,"10,440",▼,"-970","-8.50%","140,211"
031210,서울보증보험,"41,600",▼,"-1,300","-3.03%","90,656"
031430,신세계인터내셔날,"12,960",▼,"-1,000","-7.16%","181,271"
031980,피에스케이홀딩스,"107,400",▼,"-19,000","-15.03%","419,588"
032190,다우데이타,"17,950",▼,"-1,380","-7.14%","173,827"
032350,롯데관광개발,"17,040",▼,"-1,290","-7.04%","682,572"
032500,케이엠더블유,"30,100",▼,"-2,700","-8.23%","962,619"
032640,LG유플러스,"15,630",▲,"310","+2.02%","4,752,527"
032830,삼성생명,"378,000",▼,"-34,500","-8.36%","648,404"
033100,제룡전기,"47,900",▼,"-4,300","-8.24%","343,175"
033240,자화전자,"33,000",▼,"-3,150","-8.71%","504,138"
033270,유나이티드제약,"17,510",▼,"-490","-2.72%","54,284"
033500,동성화인텍,"17,600",▼,"-1,330","-7.03%","379,660"
033640,네패스,"31,000",▼,"-3,600","-10.40%","531,094"
033780,KT&G,"176,000",▼,"-3,300","-1.84%","528,260"
034020,두산에너빌리티,"86,400",▼,"-9,200","-9.62%","8,087,792"
034120,SBS,"12,390",▼,"-450","-3.50%","57,091"
034230,파라다이스,"14,860",▼,"-640","-4.13%","1,650,696"
034310,NICE,"12,180",▼,"-310","-2.48%","83,839"
034730,SK,"579,000",▼,"-46,000","-7.36%","307,909"
034950,한국기업평가,"99,600",▼,"-800","-0.80%","9,302"
035150,백산,"9,990",▼,"-280","-2.73%","56,768"
035250,강원랜드,"14,640",▼,"-420","-2.79%","1,053,374"
035420,NAVER,"285,500",▲,"30,000","+11.74%","23,244,255"
035600,KG이니시스,"9,160",▼,"-450","-4.68%","181,382"
035720,카카오,"38,950",▼,"-1,300","-3.23%","4,537,604"
035760,CJ ENM,"36,600",▼,"-1,700","-4.44%","110,031"
035900,JYP Ent.,"50,300",▼,"-2,900","-5.45%","368,981"
036200,유니셈,"9,170",▼,"-970","-9.57%","600,974"
036460,한국가스공사,"33,650",▼,"-950","-2.75%","596,738"
036530,SNT홀딩스,"46,850",▼,"-2,500","-5.07%","30,009"
036570,NC,"266,000",▼,"-15,500","-5.51%","247,713"
036620,감성코퍼레이션,"4,775",▼,"-295","-5.82%","837,174"
036800,나이스정보통신,"26,500",▼,"-1,300","-4.68%","41,594"
036810,에프에스티,"27,000",▼,"-2,100","-7.22%","283,306"
036830,솔브레인홀딩스,"40,850",▼,"-3,750","-8.41%","109,702"
036890,진성티이씨,"12,670",▼,"-1,300","-9.31%","218,402"
037710,광주신세계,"34,100",▼,"-1,450","-4.08%","35,140"
039030,이오테크닉스,"409,000",▼,"-69,000","-14.44%","203,001"
039130,하나투어,"33,700",▼,"-1,800","-5.07%","105,276"
039200,오스코텍,"40,400",▼,"-1,350","-3.23%","868,841"
039440,에스티아이,"25,100",▼,"-2,900","-10.36%","261,602"
039490,키움증권,"332,000",▼,"-32,000","-8.79%","164,862"
039840,디오,"12,940",▼,"-850","-6.16%","49,472"
041510,에스엠,"70,700",▼,"-3,700","-4.97%","138,351"
041830,인바디,"37,350",▼,"-2,450","-6.16%","93,227"
042000,카페24,"17,940",▼,"-1,320","-6.85%","246,328"
042520,한스바이오메드,"24,200",▼,"-4,250","-14.94%","254,855"
042660,한화오션,"103,000",▼,"-9,200","-8.20%","2,313,405"
042700,한미반도체,"259,000",▼,"-24,000","-8.48%","1,640,738"
043150,바텍,"17,810",▼,"-820","-4.40%","49,944"
043370,피에이치에이,"11,750",▼,"-640","-5.17%","56,900"
044490,태웅,"28,900",▼,"-3,650","-11.21%","232,496"
045100,한양이엔지,"28,100",▼,"-2,200","-7.26%","213,866"
046890,서울반도체,"11,740",▼,"-1,160","-8.99%","1,244,967"
047050,포스코인터내셔널,"54,400",▼,"-4,100","-7.01%","604,891"
047810,한국항공우주,"122,300",▼,"-16,700","-12.01%","1,128,312"
047920,HLB제약,"10,660",▼,"-640","-5.66%","161,184"
049070,인탑스,"18,940",▲,"550","+2.99%","449,070"
051360,토비스,"16,000",▼,"-1,190","-6.92%","104,573"
051500,CJ프레시웨이,"22,700",▼,"-1,000","-4.22%","66,901"
051600,한전KPS,"45,850",▼,"-2,800","-5.76%","272,487"
051900,LG생활건강,"237,000",▼,"-11,000","-4.44%","79,497"
051910,LG화학,"321,500",▼,"-27,500","-7.88%","442,529"
052400,코나아이,"46,650",▼,"-2,600","-5.28%","208,906"
052690,한전기술,"113,700",▼,"-13,600","-10.68%","196,738"
053030,바이넥스,"7,580",▼,"-630","-7.67%","418,775"
053610,프로텍,"67,600",▼,"-6,300","-8.53%","173,574"
053800,안랩,"56,400",▼,"-2,200","-3.75%","89,745"
054950,제이브이엠,"21,400",▼,"-750","-3.39%","74,732"
055550,신한지주,"97,000",▼,"-10,500","-9.77%","3,290,733"
056190,에스에프에이,"23,150",▼,"-2,400","-9.39%","215,498"
057050,현대홈쇼핑,"72,500",▼,"-3,800","-4.98%","12,465"
058470,리노공업,"86,900",▼,"-7,200","-7.65%","1,271,876"
058610,에스피지,"96,100",▼,"-7,600","-7.33%","463,827"
058970,엠로,"21,050",▼,"-1,550","-6.86%","125,618"
059090,미코,"17,860",▼,"-3,140","-14.95%","980,575"
060370,LS마린솔루션,"27,600",▼,"-2,800","-9.21%","341,272"
060980,HL홀딩스,"40,800",▼,"-2,200","-5.12%","48,811"
061090,세나테크놀로지,"43,600",▼,"-6,500","-12.97%","127,704"
062040,산일전기,"216,000",▼,"-5,000","-2.26%","513,381"
064350,현대로템,"175,100",▼,"-16,300","-8.52%","693,313"
064400,LG씨엔에스,"109,200",▼,"-8,300","-7.06%","6,179,611"
064550,바이오니아,"7,250",▼,"-820","-10.16%","298,741"
064760,티씨케이,"234,500",▼,"-29,500","-11.17%","84,129"
064820,케이프,"9,570",▼,"-640","-6.27%","185,772"
064960,SNT모티브,"27,200",▼,"-1,450","-5.06%","145,999"
065350,신성델타테크,"38,000",▼,"-2,600","-6.40%","295,624"
065660,안트로젠,"25,150",▼,"-1,250","-4.73%","69,332"
065680,우주일렉트로,"35,800",▼,"-5,700","-13.73%","84,035"
066570,LG전자,"268,500",▼,"-34,500","-11.39%","9,328,979"
066970,엘앤에프,"124,800",▼,"-15,100","-10.79%","718,725"
067080,대화제약,"10,360",▼,"-1,310","-11.23%","110,627"
067160,SOOP,"46,650",▼,"-1,600","-3.32%","77,629"
068270,셀트리온,"159,200",▼,"-12,200","-7.12%","1,230,731"
068760,셀트리온제약,"40,350",▼,"-3,400","-7.77%","241,580"
069080,웹젠,"9,680",▼,"-420","-4.16%","122,965"
069260,TKG휴켐스,"15,400",▼,"-550","-3.45%","180,156"
069620,대웅제약,"117,700",▼,"-3,400","-2.81%","47,565"
069960,현대백화점,"146,200",▼,"-300","-0.20%","369,449"
071050,한국금융지주,"221,500",▼,"-25,000","-10.14%","406,733"
071320,지역난방공사,"65,600",▼,"-2,700","-3.95%","35,033"
071970,HD현대마린엔진,"59,800",▼,"-6,000","-9.12%","392,584"
072710,농심홀딩스,"86,800",▼,"-2,000","-2.25%","12,622"
073240,금호타이어,"4,375",▼,"-275","-5.91%","1,199,108"
074600,원익QnC,"30,600",▼,"-3,750","-10.92%","514,260"
075580,세진중공업,"12,730",▼,"-1,600","-11.17%","359,606"
077970,STX엔진,"30,400",▼,"-3,200","-9.52%","507,586"
078160,메디포스트,"9,800",▼,"-860","-8.07%","323,970"
078340,컴투스,"25,400",▼,"-650","-2.50%","96,771"
078350,한양디지텍,"23,250",▼,"-3,150","-11.93%","515,906"
078520,에이블씨엔씨,"10,160",▼,"-950","-8.55%","126,841"
078600,대주전자재료,"108,400",▼,"-13,700","-11.22%","341,698"
078930,GS,"69,600",▼,"-4,500","-6.07%","349,207"
079550,LIG디펜스앤에어로스페이스,"673,000",▼,"-53,000","-7.30%","251,127"
079900,전진건설로봇,"48,750",▼,"-5,250","-9.72%","143,180"
079940,가비아,"29,350",▼,"-1,550","-5.02%","24,411"
081660,미스토홀딩스,"37,850",▼,"-1,700","-4.30%","277,993"
082270,젬백스,"11,520",▼,"-1,680","-12.73%","489,397"
082740,한화엔진,"51,400",▼,"-4,900","-8.70%","918,746"
082920,비츠로셀,"46,000",▼,"-2,650","-5.45%","609,299"
083450,GST,"47,100",▼,"-4,600","-8.90%","449,015"
083650,비에이치아이,"59,900",▼,"-7,400","-11.00%","536,137"
084010,대한제강,"7,660",▼,"-510","-6.24%","128,909"
084110,휴온스글로벌,"25,600",▼,"-2,600","-9.22%","123,790"
084370,유진테크,"132,400",▼,"-24,500","-15.62%","327,336"
084690,대상홀딩스,"7,910",▼,"-400","-4.81%","356,316"
084850,아이티엠반도체,"10,580",▼,"-890","-7.76%","67,928"
085620,미래에셋생명,"20,200",▲,"1,610","+8.66%","18,349,426"
085660,차바이오텍,"11,270",▼,"-1,040","-8.45%","726,790"
086280,현대글로비스,"192,300",▼,"-17,200","-8.21%","479,180"
086390,유니테스트,"12,630",▼,"-1,480","-10.49%","303,134"
086450,동국제약,"16,600",▼,"-1,140","-6.43%","610,224"
086520,에코프로,"105,400",▼,"-13,100","-11.05%","2,419,565"
086790,하나금융지주,"113,400",▼,"-10,200","-8.25%","1,349,648"
086900,메디톡스,"77,000",▼,"-7,700","-9.09%","113,181"
087010,펩트론,"232,500",▼,"-21,000","-8.28%","410,756"
089010,켐트로닉스,"27,350",▼,"-2,700","-8.99%","465,743"
089860,롯데렌탈,"29,600",▼,"-450","-1.50%","64,469"
089890,코세스,"30,200",▼,"-5,800","-16.11%","216,059"
089970,브이엠,"62,500",▼,"-5,500","-8.09%","911,845"
089980,상아프론테크,"16,900",▼,"-2,090","-11.01%","142,428"
090360,로보스타,"132,800",▼,"-15,300","-10.33%","4,913,124"
090430,아모레퍼시픽,"104,400",▼,"-3,100","-2.88%","336,300"
090460,비에이치,"26,650",▼,"-2,050","-7.14%","1,055,191"
092230,KPX홀딩스,"78,800",▼,"-1,400","-1.75%","3,787"
092460,한라IMS,"17,750",▼,"-1,680","-8.65%","149,849"
092730,네오팜,"16,520",▼,"-320","-1.90%","42,692"
092790,넥스틸,"13,650",▲,"60","+0.44%","3,180,503"
093050,LF,"20,400",▼,"-1,000","-4.67%","38,169"
093320,케이아이엔엑스,"111,800",▼,"-1,600","-1.41%","20,333"
093370,후성,"11,280",▼,"-350","-3.01%","3,413,339"
093520,매커스,"19,290",▼,"-1,510","-7.26%","66,582"
094170,동운아나텍,"34,100",▼,"-4,550","-11.77%","270,879"
094360,칩스앤미디어,"12,790",▼,"-1,720","-11.85%","282,681"
095340,ISC,"177,500",▼,"-24,500","-12.13%","285,039"
095500,미래나노텍,"6,570",▼,"-730","-10.00%","377,594"
095610,테스,"134,200",▼,"-5,000","-3.59%","815,010"
095660,네오위즈,"18,840",▼,"-230","-1.21%","212,443"
096530,씨젠,"27,250",▼,"-2,600","-8.71%","564,398"
096770,SK이노베이션,"104,200",▼,"-10,700","-9.31%","899,786"
097520,엠씨넥스,"19,490",▼,"-1,110","-5.39%","179,424"
097950,CJ제일제당,"196,500",▼,"-3,500","-1.75%","98,519"
098070,한텍,"31,150",▼,"-2,650","-7.84%","103,583"
099190,아이센스,"15,940",▼,"-760","-4.55%","158,273"
099320,쎄트렉아이,"107,000",▼,"-12,400","-10.39%","152,724"
100090,SK오션플랜트,"14,200",▼,"-1,580","-10.01%","841,923"
100840,SNT에너지,"30,650",▼,"-3,250","-9.59%","367,916"
101160,월덱스,"23,350",▼,"-1,450","-5.85%","189,764"
101360,에코앤드림,"11,010",▼,"-1,140","-9.38%","219,960"
101490,에스앤에스텍,"54,400",▼,"-7,900","-12.68%","473,361"
101730,위메이드맥스,"3,325",▼,"-340","-9.28%","167,878"
101930,인화정공,"8,480",▼,"-770","-8.32%","95,527"
102710,이엔에프테크놀로지,"38,850",▼,"-3,050","-7.28%","168,309"
102940,코오롱생명과학,"44,450",▼,"-4,050","-8.35%","50,385"
103140,풍산,"67,200",▼,"-5,100","-7.05%","271,425"
103590,일진전기,"74,800",▼,"-6,400","-7.88%","486,345"
104700,한국철강,"8,130",▼,"-130","-1.57%","87,027"
104830,원익머트리얼즈,"37,800",▼,"-3,300","-8.03%","68,110"
105560,KB금융,"152,800",▼,"-18,800","-10.96%","2,858,381"
105630,한세실업,"8,340",▼,"-510","-5.76%","118,421"
107640,한중엔시에스,"39,500",▼,"-3,750","-8.67%","209,722"
108320,LX세미콘,"48,100",▼,"-3,800","-7.32%","213,442"
108380,대양전기공업,"17,240",▼,"-1,300","-7.01%","67,981"
108490,로보티즈,"292,000",▼,"-28,500","-8.89%","511,875"
108670,LX하우시스,"30,800",▼,"-1,450","-4.50%","46,361"
108860,셀바스AI,"8,460",▼,"-1,070","-11.23%","574,427"
110990,디아이티,"19,500",▼,"-2,050","-9.51%","215,233"
111770,영원무역,"74,100",▼,"-5,700","-7.14%","86,858"
112040,위메이드,"16,900",▼,"-1,520","-8.25%","221,715"
112610,씨에스윈드,"40,700",▼,"-3,150","-7.18%","361,756"
114090,GKL,"11,530",▼,"-330","-2.78%","541,118"
114190,강원에너지,"8,640",▼,"-900","-9.43%","248,175"
114810,한솔아이원스,"11,630",▼,"-1,320","-10.19%","490,175"
114840,아이패밀리에스씨,"9,060",▼,"-920","-9.22%","128,354"
115180,큐리언트,"23,500",▼,"-2,850","-10.82%","192,116"
117730,티로보틱스,"15,730",▼,"-1,040","-6.20%","299,007"
119850,지엔씨에너지,"18,490",▼,"-2,210","-10.68%","270,724"
120110,코오롱인더,"61,300",▼,"-4,600","-6.98%","711,377"
121600,나노신소재,"53,500",▼,"-4,400","-7.60%","186,674"
122640,예스티,"22,750",▼,"-2,800","-10.96%","490,867"
122870,와이지엔터테인먼트,"40,200",▼,"-1,350","-3.25%","192,945"
124500,아이티센글로벌,"39,400",▼,"-3,600","-8.37%","313,275"
126340,비나텍,"105,300",▼,"-16,300","-13.40%","133,659"
126720,수산인더스트리,"22,550",▼,"-1,050","-4.45%","50,219"
127120,제이에스링크,"32,450",▼,"-7,250","-18.26%","576,750"
128940,한미약품,"410,500",▼,"-83,500","-16.90%","369,325"
131970,두산테스나,"122,000",▼,"-13,600","-10.03%","457,474"
137310,에스디바이오센서,"6,770",▼,"-400","-5.58%","293,003"
137400,피엔티,"37,850",▼,"-2,900","-7.12%","298,836"
138040,메리츠금융지주,"102,800",▼,"-4,500","-4.19%","472,029"
138610,나이벡,"17,290",▼,"-2,200","-11.29%","96,708"
138930,BNK금융지주,"16,210",▼,"-1,030","-5.97%","1,327,994"
139130,iM금융지주,"16,700",▼,"-1,000","-5.65%","1,010,820"
139480,이마트,"84,300",▼,"-4,900","-5.49%","316,239"
140860,파크시스템스,"255,000",▼,"-29,000","-10.21%","68,338"
141080,리가켐바이오,"115,400",▼,"-20,700","-15.21%","805,958"
144510,지씨셀,"15,940",▼,"-1,240","-7.22%","70,876"
145020,휴젤,"229,000",▼,"-17,000","-6.91%","72,372"
145720,덴티움,"42,950",▼,"-2,150","-4.77%","53,282"
145990,삼양사,"41,650",▼,"-1,050","-2.46%","14,354"
161000,애경케미칼,"10,050",▼,"-850","-7.80%","393,279"
161390,한국타이어앤테크놀로지,"66,400",▼,"-1,500","-2.21%","620,515"
161580,필옵틱스,"38,600",▼,"-3,350","-7.99%","478,599"
161890,한국콜마,"77,300",▼,"-6,200","-7.43%","295,044"
166090,하나머티리얼즈,"57,200",▼,"-6,000","-9.49%","355,468"
168360,펨트론,"18,390",▼,"-1,000","-5.16%","225,362"
170900,동아에스티,"35,900",▼,"-2,450","-6.39%","35,651"
171090,선익시스템,"68,000",▼,"-3,600","-5.03%","157,410"
175330,JB금융지주,"24,600",▼,"-1,150","-4.47%","800,739"
176750,듀켐바이오,"6,030",▼,"-360","-5.63%","38,224"
178920,PI첨단소재,"20,050",▼,"-1,750","-8.03%","244,677"
180640,한진칼,"104,600",▼,"-10,400","-9.04%","223,938"
181710,NHN,"45,500",▼,"-3,550","-7.24%","518,078"
183190,아세아시멘트,"9,270",▼,"-300","-3.13%","100,741"
183300,코미코,"98,100",▼,"-10,500","-9.67%","299,265"
185750,종근당,"71,400",▼,"-3,000","-4.03%","43,504"
189300,인텔리안테크,"99,900",▼,"-11,800","-10.56%","205,542"
190510,나무가,"14,750",▼,"-1,620","-9.90%","164,780"
192080,더블유게임즈,"68,000",▼,"-3,100","-4.36%","124,139"
192400,쿠쿠홀딩스,"23,800",▼,"-700","-2.86%","39,260"
192820,코스맥스,"159,000",▼,"-6,900","-4.16%","67,497"
194370,제이에스코퍼레이션,"9,850",▼,"-550","-5.29%","207,358"
194480,데브시스터즈,"13,810",▼,"-1,040","-7.00%","118,551"
194700,노바렉스,"13,990",▼,"-980","-6.55%","177,108"
195870,해성디에스,"67,700",▼,"-7,100","-9.49%","228,226"
195940,HK이노엔,"38,450",▼,"-2,750","-6.67%","331,138"
196170,알테오젠,"286,500",▼,"-46,000","-13.83%","986,294"
199430,케이엔알시스템,"14,400",▼,"-1,820","-11.22%","117,579"
199800,툴젠,"43,400",▼,"-5,400","-11.07%","79,099"
200130,콜마비앤에이치,"9,160",▼,"-750","-7.57%","171,058"
200670,휴메딕스,"24,100",▼,"-1,300","-5.12%","81,940"
200710,에이디테크놀로지,"31,850",▼,"-3,200","-9.13%","453,623"
200880,서연이화,"11,500",▼,"-910","-7.33%","200,915"
204270,제이앤티씨,"16,160",▼,"-1,370","-7.82%","391,500"
204320,HL만도,"50,500",▼,"-4,700","-8.51%","696,658"
206640,바디텍메드,"10,190",▼,"-600","-5.56%","81,217"
207940,삼성바이오로직스,"1,243,000",▼,"-97,000","-7.24%","105,229"
211050,인카금융서비스,"9,110",▲,"90","+1.00%","258,007"
213420,덕산네오룩스,"31,750",▼,"-2,950","-8.50%","302,401"
214150,클래시스,"41,500",▼,"-1,350","-3.15%","429,207"
214320,이노션,"19,600",▼,"-380","-1.90%","173,466"
214370,케어젠,"68,300",▼,"-9,500","-12.21%","265,799"
214430,아이쓰리시스템,"62,100",▼,"-6,300","-9.21%","89,677"
214450,파마리서치,"258,000",▼,"-28,500","-9.95%","176,558"
215000,골프존,"42,300",▼,"-1,550","-3.53%","30,386"
215200,메가스터디교육,"36,000",▼,"-2,100","-5.51%","113,461"
217590,티엠씨,"16,980",▼,"-860","-4.82%","247,254"
218410,RFHIC,"75,800",▼,"-7,000","-8.45%","539,154"
220100,퓨쳐켐,"10,550",▼,"-1,270","-10.74%","147,694"
225570,넥슨게임즈,"9,560",▼,"-550","-5.44%","398,346"
226320,잇츠한불,"9,300",▼,"-470","-4.81%","63,736"
226950,올릭스,"123,100",▼,"-25,700","-17.27%","722,112"
228760,지노믹트리,"11,120",▼,"-1,030","-8.48%","172,012"
229640,LS에코에너지,"55,300",▼,"-4,900","-8.14%","233,518"
230360,에코마케팅,"15,990",▼,"-10","-0.06%","30,486"
236200,슈프리마,"40,700",▼,"-2,900","-6.65%","61,235"
237690,에스티팜,"108,100",▼,"-11,400","-9.54%","170,798"
237880,클리오,"10,030",▼,"-560","-5.29%","70,110"
240810,원익IPS,"109,200",▼,"-23,500","-17.71%","2,762,869"
241560,두산밥캣,"60,400",▼,"-5,400","-8.21%","337,010"
241710,코스메카코리아,"66,600",▼,"-3,600","-5.13%","104,088"
241770,메카로,"35,000",▼,"-4,400","-11.17%","80,928"
243070,휴온스,"27,200",▲,"300","+1.12%","66,338"
247540,에코프로비엠,"160,200",▼,"-19,900","-11.05%","1,160,414"
248070,솔루엠,"17,020",▼,"-730","-4.11%","427,741"
249420,일동제약,"17,610",▼,"-2,090","-10.61%","545,820"
251270,넷마블,"39,900",▼,"-2,100","-5.00%","238,628"
251970,펌텍코리아,"32,600",▼,"-1,800","-5.23%","40,719"
253450,스튜디오드래곤,"23,600",▼,"-1,500","-5.98%","128,772"
257720,실리콘투,"32,650",▼,"-1,450","-4.25%","765,133"
259960,크래프톤,"244,500",▼,"-13,000","-5.05%","177,177"
263750,펄어비스,"38,050",▼,"-2,450","-6.05%","943,621"
265520,AP시스템,"20,850",▼,"-1,900","-8.35%","147,806"
267250,HD현대,"248,500",▼,"-23,000","-8.47%","189,669"
267260,HD현대일렉트릭,"884,000",▼,"-72,000","-7.53%","236,355"
267270,HD건설기계,"132,200",▼,"-15,500","-10.49%","394,939"
267980,매일유업,"32,250",▼,"-550","-1.68%","15,474"
268280,미원에스씨,"96,100",▼,"-100","-0.10%","2,686"
270660,에브리봇,"12,090",▼,"-1,540","-11.30%","87,703"
271560,오리온,"127,400",▼,"-5,200","-3.92%","107,516"
271940,일진하이솔루스,"12,630",▼,"-1,100","-8.01%","72,928"
272210,한화시스템,"85,600",▼,"-9,000","-9.51%","1,072,423"
272290,이녹스첨단소재,"25,600",▼,"-2,200","-7.91%","317,400"
277810,레인보우로보틱스,"617,000",▼,"-51,000","-7.63%","268,043"
278280,천보,"38,250",▼,"-2,700","-6.59%","114,530"
278470,에이피알,"366,000",▼,"-23,000","-5.91%","235,636"
280360,롯데웰푸드,"103,100",▼,"-5,500","-5.06%","35,974"
281820,케이씨텍,"59,800",▼,"-5,500","-8.42%","157,447"
282330,BGF리테일,"128,200",▼,"-1,200","-0.93%","64,897"
284740,쿠쿠홈시스,"21,200",▼,"-600","-2.75%","27,071"
285130,SK케미칼,"38,650",▼,"-2,800","-6.76%","87,861"
286940,롯데이노베이트,"19,970",▼,"-1,330","-6.24%","84,415"
287840,인투셀,"22,350",▼,"-2,900","-11.49%","119,458"
290650,엘앤씨바이오,"82,700",▼,"-3,500","-4.06%","852,520"
293490,카카오게임즈,"8,800",▼,"-390","-4.24%","318,411"
294570,쿠콘,"20,750",▼,"-1,450","-6.53%","71,605"
294870,IPARK현대산업개발,"19,130",▼,"-380","-1.95%","224,523"
295310,에이치브이엠,"92,700",▼,"-1,600","-1.70%","440,315"
298020,효성티앤씨,"315,000",▼,"-25,500","-7.49%","50,712"
298040,효성중공업,"3,180,000",▼,"-200,000","-5.92%","69,479"
298050,HS효성첨단소재,"185,900",▼,"-12,600","-6.35%","31,172"
298380,에이비엘바이오,"87,500",▼,"-12,300","-12.32%","825,426"
299030,하나기술,"16,110",▼,"-1,360","-7.78%","63,433"
300080,플리토,"7,630",▼,"-1,030","-11.89%","322,892"
300720,한일시멘트,"13,620",▼,"-700","-4.89%","279,545"
302440,SK바이오사이언스,"37,350",▼,"-2,600","-6.51%","255,947"
304100,솔트룩스,"15,350",▼,"-1,730","-10.13%","187,271"
304360,에스바이오메딕스,"26,000",▼,"-4,600","-15.03%","183,334"
306200,세아제강,"139,500",▲,"4,300","+3.18%","44,994"
307950,현대오토에버,"750,000",▼,"-86,000","-10.29%","342,975"
308430,셀비온,"17,170",▼,"-2,000","-10.43%","104,964"
310210,보로노이,"182,800",▼,"-26,700","-12.74%","295,254"
314930,바이오다인,"9,470",▼,"-290","-2.97%","210,605"
316140,우리금융지주,"28,850",▼,"-2,350","-7.53%","4,574,680"
317330,덕산테코피아,"13,820",▼,"-1,740","-11.18%","322,749"
317450,명인제약,"41,550",▼,"-2,550","-5.78%","52,758"
319400,현대무벡스,"34,350",▲,"1,250","+3.78%","4,546,317"
319660,피에스케이,"115,300",▼,"-11,200","-8.85%","1,232,899"
323280,태성,"47,650",▼,"-6,650","-12.25%","675,852"
323410,카카오뱅크,"22,450",▼,"-600","-2.60%","2,082,315"
326030,SK바이오팜,"82,300",▼,"-5,800","-6.58%","310,735"
328130,루닛,"14,140",▼,"-560","-3.81%","3,296,459"
329180,HD현대중공업,"614,000",▼,"-50,000","-7.53%","546,140"
336260,두산퓨얼셀,"71,800",▼,"-11,800","-14.11%","829,401"
336370,솔루스첨단소재,"9,820",▼,"-1,190","-10.81%","539,133"
336570,원텍,"7,060",▼,"-660","-8.55%","2,109,630"
338220,뷰노,"7,680",▼,"-670","-8.02%","116,221"
338840,와이바이오로직스,"12,920",▼,"-1,930","-13.00%","448,289"
340570,티앤엘,"51,500",▼,"-3,900","-7.04%","74,557"
344820,KCC글라스,"22,200",▼,"-650","-2.84%","79,923"
347700,스피어,"29,050",▼,"-1,650","-5.37%","1,998,144"
348210,넥스틴,"56,000",▼,"-8,600","-13.31%","183,024"
348370,엔켐,"31,700",▼,"-1,350","-4.08%","423,178"
352480,씨앤씨인터내셔널,"18,520",▼,"-1,180","-5.99%","53,930"
352820,하이브,"196,400",▼,"-13,100","-6.25%","477,631"
356680,엑스게이트,"16,000",▼,"-1,960","-10.91%","1,574,642"
356860,티엘비,"94,700",▼,"-12,000","-11.25%","397,204"
357550,석경에이티,"40,850",▼,"-4,150","-9.22%","20,776"
357780,솔브레인,"328,000",▼,"-35,000","-9.64%","86,015"
358570,지아이이노베이션,"10,940",▼,"-1,390","-11.27%","1,016,737"
361610,SK아이이테크놀로지,"16,460",▼,"-1,340","-7.53%","295,644"
365340,성일하이텍,"49,300",▼,"-3,000","-5.74%","95,793"
372170,윤성에프앤씨,"21,000",▼,"-2,250","-9.68%","26,270"
372320,큐로셀,"26,600",▼,"-2,500","-8.59%","140,377"
373220,LG에너지솔루션,"390,500",▼,"-23,500","-5.68%","625,276"
375500,DL이앤씨,"67,100",▼,"-4,800","-6.68%","671,048"
376270,HEM파마,"43,000",▼,"-4,000","-8.51%","80,931"
376300,디어유,"20,900",▼,"-1,250","-5.64%","229,005"
376900,로킷헬스케어,"46,050",▼,"-5,150","-10.06%","233,148"
377300,카카오페이,"41,900",▼,"-3,350","-7.40%","517,904"
378340,필에너지,"11,990",▼,"-1,520","-11.25%","226,479"
381970,케이카,"8,380",▼,"-280","-3.23%","211,865"
382900,범한퓨얼셀,"25,350",▼,"-2,400","-8.65%","109,908"
383220,F&F,"71,200",▼,"-2,500","-3.39%","123,605"
383800,LX홀딩스,"7,780",▼,"-190","-2.38%","478,508"
388210,씨엠티엑스,"94,300",▼,"-13,500","-12.52%","147,301"
388720,유일로보틱스,"85,000",▼,"-7,500","-8.11%","137,589"
389260,대명에너지,"12,640",▼,"-1,180","-8.54%","157,211"
389470,인벤티지랩,"40,650",▼,"-6,350","-13.51%","170,742"
389650,넥스트바이오메디컬,"40,300",▼,"-7,300","-15.34%","161,835"
394280,오픈엣지테크놀로지,"12,880",▼,"-1,200","-8.52%","260,946"
394800,쓰리빌리언,"6,800",▼,"-1,300","-16.05%","540,126"
397030,에이프릴바이오,"40,200",▼,"-10,000","-19.92%","1,052,247"
399720,가온칩스,"44,700",▼,"-5,300","-10.60%","166,831"
402030,코난테크놀로지,"15,360",▼,"-1,530","-9.06%","59,437"
402340,SK스퀘어,"1,132,000",▼,"-126,000","-10.02%","1,075,279"
403550,쏘카,"10,910",▼,"-860","-7.31%","92,310"
403850,더핑크퐁컴퍼니,"10,410",▼,"-730","-6.55%","82,388"
416180,신성에스티,"25,350",▼,"-2,950","-10.42%","115,805"
419530,SAMG엔터,"23,400",▼,"-1,700","-6.77%","165,173"
424870,이뮨온시아,"3,945",▼,"-545","-12.14%","2,346,581"
425420,티에프이,"43,000",▼,"-4,000","-8.51%","132,313"
437730,삼현,"41,900",▼,"-4,600","-9.89%","402,073"
439090,마녀공장,"12,580",▼,"-660","-4.98%","197,490"
439260,대한조선,"59,900",▼,"-100","-0.17%","318,483"
441270,파인엠텍,"7,140",▼,"-860","-10.75%","721,773"
443060,HD현대마린솔루션,"204,500",▼,"-17,500","-7.88%","136,830"
445090,에이직랜드,"24,950",▼,"-3,250","-11.52%","302,351"
445680,큐리옥스바이오시스템즈,"78,200",▼,"-10,700","-12.04%","346,577"
448280,에코아이,"9,000",▼,"-860","-8.72%","196,930"
448900,한국피아이엠,"70,200",▼,"-9,600","-12.03%","209,399"
450950,아스테라시스,"7,080",▼,"-750","-9.58%","141,212"
452430,사피엔반도체,"36,250",▼,"-4,850","-11.80%","124,452"
453340,현대그린푸드,"16,580",▼,"-130","-0.78%","42,967"
454910,두산로보틱스,"126,300",▼,"-14,000","-9.98%","10,023,809"
455900,엔젤로보틱스,"23,150",▼,"-3,250","-12.31%","241,362"
456040,OCI,"106,400",▼,"-7,100","-6.26%","58,502"
456160,지투지바이오,"44,300",▼,"-8,700","-16.42%","448,443"
457190,이수스페셜티케미컬,"77,300",▼,"-8,200","-9.59%","388,360"
458870,씨어스,"27,700",▼,"-1,400","-4.81%","464,870"
459510,나우로보틱스,"18,450",▼,"-1,650","-8.21%","147,907"
460860,동국제강,"9,100",▼,"-740","-7.52%","386,854"
460930,현대힘스,"13,050",▼,"-1,490","-10.25%","398,105"
462870,시프트업,"29,750",▼,"-800","-2.62%","776,240"
466100,클로봇,"37,000",▼,"-6,200","-14.35%","729,635"
468530,프로티나,"32,350",▼,"-5,300","-14.08%","158,137"
469610,이노테크,"14,020",▼,"-990","-6.60%","121,098"
472850,폰드그룹,"4,155",▼,"-75","-1.77%","116,135"
473980,노머스,"11,990",▼,"-1,550","-11.45%","92,775"
475150,SK이터닉스,"31,900",▼,"-3,450","-9.76%","664,193"
475400,씨메스로보틱스,"24,350",▼,"-2,250","-8.46%","139,905"
475560,더본코리아,"15,640",▼,"-730","-4.46%","25,496"
475830,오름테라퓨틱,"53,200",▼,"-9,900","-15.69%","373,744"
475960,토모큐브,"36,050",▼,"-3,800","-9.54%","250,258"
476060,온코닉테라퓨틱스,"15,000",▼,"-1,250","-7.69%","690,108"
476830,알지노믹스,"86,900",▼,"-18,200","-17.32%","549,305"
481070,에이유브랜즈,"10,840",▼,"-900","-7.67%","70,839"
483650,달바글로벌,"185,300",▼,"-8,600","-4.44%","176,544"
484120,도우인시스,"15,550",▼,"-870","-5.30%","53,156"
484590,삼양컴텍,"7,240",▼,"-530","-6.82%","277,760"
484810,티엑스알로보틱스,"11,700",▼,"-1,720","-12.82%","124,104"
484870,엠앤씨솔루션,"59,900",▼,"-4,500","-6.99%","60,377"
486990,노타,"29,800",▼,"-4,750","-13.75%","920,290"
488280,에스투더블유,"15,660",▼,"-3,460","-18.10%","659,145"
488900,비츠로넥스텍,"10,460",▼,"-920","-8.08%","196,016"
489790,한화비전,"65,400",▼,"-6,100","-8.53%","1,039,282"
494120,큐리오시스,"24,050",▼,"-4,750","-16.49%","237,165"
499790,GS피앤엘,"44,400",▼,"-4,550","-9.30%","170,402"
